"REF_DATE","GEO","DGUID","First official language spoken","Statistics","UOM","UOM_ID","SCALAR_FACTOR","SCALAR_ID","VECTOR","COORDINATE","VALUE","STATUS","SYMBOL","TERMINATED","DECIMALS"
"1971","Canada","2016A000011124","Total, first official language spoken","Number","Number","223","units ","0","v1043024660","1.1.1","21568311","","","","0"
"1971","Canada","2016A000011124","French","Number","Number","223","units ","0","v1043024661","1.2.1","5873364","","","","0"
"1971","Canada","2016A000011124","English","Number","Number","223","units ","0","v1043024662","1.3.1","15266964","","","","0"
"1971","Canada","2016A000011124","English and french","Number","Number","223","units ","0","v1043024663","1.4.1","108622","","","","0"
"1971","Canada","2016A000011124","Neither english nor French","Number","Number","223","units ","0","v1043024664","1.5.1","319361","","","","0"
"1971","Canada","2016A000011124","Official language minority","Number","Number","223","units ","0","v1043024665","1.6.1","5927675","","","","0"
"1971","Newfoundland and Labrador","2016A000210","Total, first official language spoken","Number","Number","223","units ","0","v1043024667","2.1.1","522104","","","","0"
"1971","Newfoundland and Labrador","2016A000210","French","Number","Number","223","units ","0","v1043024668","2.2.1","3638","","","","0"
"1971","Newfoundland and Labrador","2016A000210","English","Number","Number","223","units ","0","v1043024669","2.3.1","517736","","","","0"
"1971","Newfoundland and Labrador","2016A000210","English and french","Number","Number","223","units ","0","v1043024670","2.4.1","106","","","","0"
"1971","Newfoundland and Labrador","2016A000210","Neither english nor French","Number","Number","223","units ","0","v1043024671","2.5.1","624","","","","0"
"1971","Newfoundland and Labrador","2016A000210","Official language minority","Number","Number","223","units ","0","v1043024672","2.6.1","3691","","","","0"
"1971","Prince Edward Island","2016A000211","Total, first official language spoken","Number","Number","223","units ","0","v1043024674","3.1.1","111641","","","","0"
"1971","Prince Edward Island","2016A000211","French","Number","Number","223","units ","0","v1043024675","3.2.1","7369","","","","0"
"1971","Prince Edward Island","2016A000211","English","Number","Number","223","units ","0","v1043024676","3.3.1","104234","","","","0"
"1971","Prince Edward Island","2016A000211","English and french","Number","Number","223","units ","0","v1043024677","3.4.1","7","","","","0"
"1971","Prince Edward Island","2016A000211","Neither english nor French","Number","Number","223","units ","0","v1043024678","3.5.1","31","","","","0"
"1971","Prince Edward Island","2016A000211","Official language minority","Number","Number","223","units ","0","v1043024679","3.6.1","7373","","","","0"
"1971","Nova Scotia","2016A000212","Total, first official language spoken","Number","Number","223","units ","0","v1043024681","4.1.1","788960","","","","0"
"1971","Nova Scotia","2016A000212","French","Number","Number","223","units ","0","v1043024682","4.2.1","39645","","","","0"
"1971","Nova Scotia","2016A000212","English","Number","Number","223","units ","0","v1043024683","4.3.1","747969","","","","0"
"1971","Nova Scotia","2016A000212","English and french","Number","Number","223","units ","0","v1043024684","4.4.1","313","","","","0"
"1971","Nova Scotia","2016A000212","Neither english nor French","Number","Number","223","units ","0","v1043024685","4.5.1","1033","","","","0"
"1971","Nova Scotia","2016A000212","Official language minority","Number","Number","223","units ","0","v1043024686","4.6.1","39802","","","","0"
"1971","New Brunswick","2016A000213","Total, first official language spoken","Number","Number","223","units ","0","v1043024688","5.1.1","634557","","","","0"
"1971","New Brunswick","2016A000213","French","Number","Number","223","units ","0","v1043024689","5.2.1","215013","","","","0"
"1971","New Brunswick","2016A000213","English","Number","Number","223","units ","0","v1043024690","5.3.1","418713","","","","0"
"1971","New Brunswick","2016A000213","English and french","Number","Number","223","units ","0","v1043024691","5.4.1","231","","","","0"
"1971","New Brunswick","2016A000213","Neither english nor French","Number","Number","223","units ","0","v1043024692","5.5.1","600","","","","0"
"1971","New Brunswick","2016A000213","Official language minority","Number","Number","223","units ","0","v1043024693","5.6.1","215129","","","","0"
"1971","Quebec","2016A000224","Total, first official language spoken","Number","Number","223","units ","0","v1043024695","6.1.1","6027764","","","","0"
"1971","Quebec","2016A000224","French","Number","Number","223","units ","0","v1043024696","6.2.1","4937834","","","","0"
"1971","Quebec","2016A000224","English","Number","Number","223","units ","0","v1043024697","6.3.1","958250","","","","0"
"1971","Quebec","2016A000224","English and french","Number","Number","223","units ","0","v1043024698","6.4.1","68236","","","","0"
"1971","Quebec","2016A000224","Neither english nor French","Number","Number","223","units ","0","v1043024699","6.5.1","63444","","","","0"
"1971","Quebec","2016A000224","Official language minority","Number","Number","223","units ","0","v1043024700","6.6.1","992368","","","","0"
"1971","Ontario","2016A000235","Total, first official language spoken","Number","Number","223","units ","0","v1043024702","7.1.1","7703106","","","","0"
"1971","Ontario","2016A000235","French","Number","Number","223","units ","0","v1043024703","7.2.1","488918","","","","0"
"1971","Ontario","2016A000235","English","Number","Number","223","units ","0","v1043024704","7.3.1","7013834","","","","0"
"1971","Ontario","2016A000235","English and french","Number","Number","223","units ","0","v1043024705","7.4.1","30261","","","","0"
"1971","Ontario","2016A000235","Neither english nor French","Number","Number","223","units ","0","v1043024706","7.5.1","170093","","","","0"
"1971","Ontario","2016A000235","Official language minority","Number","Number","223","units ","0","v1043024707","7.6.1","504049","","","","0"
"1971","Manitoba","2016A000246","Total, first official language spoken","Number","Number","223","units ","0","v1043024709","8.1.1","988247","","","","0"
"1971","Manitoba","2016A000246","French","Number","Number","223","units ","0","v1043024710","8.2.1","61104","","","","0"
"1971","Manitoba","2016A000246","English","Number","Number","223","units ","0","v1043024711","8.3.1","904413","","","","0"
"1971","Manitoba","2016A000246","English and french","Number","Number","223","units ","0","v1043024712","8.4.1","2146","","","","0"
"1971","Manitoba","2016A000246","Neither english nor French","Number","Number","223","units ","0","v1043024713","8.5.1","20584","","","","0"
"1971","Manitoba","2016A000246","Official language minority","Number","Number","223","units ","0","v1043024714","8.6.1","62177","","","","0"
"1971","Saskatchewan ","2016A000247","Total, first official language spoken","Number","Number","223","units ","0","v1043024716","9.1.1","926242","","","","0"
"1971","Saskatchewan ","2016A000247","French","Number","Number","223","units ","0","v1043024717","9.2.1","32134","","","","0"
"1971","Saskatchewan ","2016A000247","English","Number","Number","223","units ","0","v1043024718","9.3.1","882163","","","","0"
"1971","Saskatchewan ","2016A000247","English and french","Number","Number","223","units ","0","v1043024719","9.4.1","833","","","","0"
"1971","Saskatchewan ","2016A000247","Neither english nor French","Number","Number","223","units ","0","v1043024720","9.5.1","11112","","","","0"
"1971","Saskatchewan ","2016A000247","Official language minority","Number","Number","223","units ","0","v1043024721","9.6.1","32551","","","","0"
"1971","Alberta","2016A000248","Total, first official language spoken","Number","Number","223","units ","0","v1043024723","10.1.1","1627874","","","","0"
"1971","Alberta","2016A000248","French","Number","Number","223","units ","0","v1043024724","10.2.1","47301","","","","0"
"1971","Alberta","2016A000248","English","Number","Number","223","units ","0","v1043024725","10.3.1","1560209","","","","0"
"1971","Alberta","2016A000248","English and french","Number","Number","223","units ","0","v1043024726","10.4.1","2373","","","","0"
"1971","Alberta","2016A000248","Neither english nor French","Number","Number","223","units ","0","v1043024727","10.5.1","17991","","","","0"
"1971","Alberta","2016A000248","Official language minority","Number","Number","223","units ","0","v1043024728","10.6.1","48488","","","","0"
"1971","British Columbia","2016A000259","Total, first official language spoken","Number","Number","223","units ","0","v1043024730","11.1.1","2184621","","","","0"
"1971","British Columbia","2016A000259","French","Number","Number","223","units ","0","v1043024731","11.2.1","38769","","","","0"
"1971","British Columbia","2016A000259","English","Number","Number","223","units ","0","v1043024732","11.3.1","2115130","","","","0"
"1971","British Columbia","2016A000259","English and french","Number","Number","223","units ","0","v1043024733","11.4.1","3997","","","","0"
"1971","British Columbia","2016A000259","Neither english nor French","Number","Number","223","units ","0","v1043024734","11.5.1","26725","","","","0"
"1971","British Columbia","2016A000259","Official language minority","Number","Number","223","units ","0","v1043024735","11.6.1","40768","","","","0"
"1971","Yukon","2016A000260","Total, first official language spoken","Number","Number","223","units ","0","v1043024737","12.1.1","18388","","","","0"
"1971","Yukon","2016A000260","French","Number","Number","223","units ","0","v1043024738","12.2.1","459","","","","0"
"1971","Yukon","2016A000260","English","Number","Number","223","units ","0","v1043024739","12.3.1","17873","","","","0"
"1971","Yukon","2016A000260","English and french","Number","Number","223","units ","0","v1043024740","12.4.1","18","","","","0"
"1971","Yukon","2016A000260","Neither english nor French","Number","Number","223","units ","0","v1043024741","12.5.1","38","","","","0"
"1971","Yukon","2016A000260","Official language minority","Number","Number","223","units ","0","v1043024742","12.6.1","468","","","","0"
"1971","Northwest Territories including Nunavut","2016A000261","Total, first official language spoken","Number","Number","223","units ","0","v1043024744","13.1.1","34807","","","t","0"
"1971","Northwest Territories including Nunavut","2016A000261","French","Number","Number","223","units ","0","v1043024745","13.2.1","1180","","","t","0"
"1971","Northwest Territories including Nunavut","2016A000261","English","Number","Number","223","units ","0","v1043024746","13.3.1","26440","","","t","0"
"1971","Northwest Territories including Nunavut","2016A000261","English and french","Number","Number","223","units ","0","v1043024747","13.4.1","101","","","t","0"
"1971","Northwest Territories including Nunavut","2016A000261","Neither english nor French","Number","Number","223","units ","0","v1043024748","13.5.1","7086","","","t","0"
"1971","Northwest Territories including Nunavut","2016A000261","Official language minority","Number","Number","223","units ","0","v1043024749","13.6.1","1231","","","t","0"
"1971","Canada outside Quebec","","Total, first official language spoken","Number","Number","223","units ","0","v1043024765","16.1.1","15540547","","","","0"
"1971","Canada outside Quebec","","French","Number","Number","223","units ","0","v1043024766","16.2.1","935530","","","","0"
"1971","Canada outside Quebec","","English","Number","Number","223","units ","0","v1043024767","16.3.1","14308714","","","","0"
"1971","Canada outside Quebec","","English and french","Number","Number","223","units ","0","v1043024768","16.4.1","40386","","","","0"
"1971","Canada outside Quebec","","Neither english nor French","Number","Number","223","units ","0","v1043024769","16.5.1","255917","","","","0"
"1971","Canada outside Quebec","","Official language minority","Number","Number","223","units ","0","v1043024770","16.6.1","955723","","","","0"
"1981","Canada","2016A000011124","Total, first official language spoken","Number","Number","223","units ","0","v1043024660","1.1.1","24083496","","","","0"
"1981","Canada","2016A000011124","French","Number","Number","223","units ","0","v1043024661","1.2.1","6232190","","","","0"
"1981","Canada","2016A000011124","English","Number","Number","223","units ","0","v1043024662","1.3.1","17359200","","","","0"
"1981","Canada","2016A000011124","English and french","Number","Number","223","units ","0","v1043024663","1.4.1","213357","","","","0"
"1981","Canada","2016A000011124","Neither english nor French","Number","Number","223","units ","0","v1043024664","1.5.1","278749","","","","0"
"1981","Canada","2016A000011124","Official language minority","Number","Number","223","units ","0","v1043024665","1.6.1","6338869","","","","0"
"1981","Newfoundland and Labrador","2016A000210","Total, first official language spoken","Number","Number","223","units ","0","v1043024667","2.1.1","563747","","","","0"
"1981","Newfoundland and Labrador","2016A000210","French","Number","Number","223","units ","0","v1043024668","2.2.1","2127","","","","0"
"1981","Newfoundland and Labrador","2016A000210","English","Number","Number","223","units ","0","v1043024669","2.3.1","560929","","","","0"
"1981","Newfoundland and Labrador","2016A000210","English and french","Number","Number","223","units ","0","v1043024670","2.4.1","313","","","","0"
"1981","Newfoundland and Labrador","2016A000210","Neither english nor French","Number","Number","223","units ","0","v1043024671","2.5.1","378","","","","0"
"1981","Newfoundland and Labrador","2016A000210","Official language minority","Number","Number","223","units ","0","v1043024672","2.6.1","2284","","","","0"
"1981","Prince Edward Island","2016A000211","Total, first official language spoken","Number","Number","223","units ","0","v1043024674","3.1.1","121223","","","","0"
"1981","Prince Edward Island","2016A000211","French","Number","Number","223","units ","0","v1043024675","3.2.1","5145","","","","0"
"1981","Prince Edward Island","2016A000211","English","Number","Number","223","units ","0","v1043024676","3.3.1","115878","","","","0"
"1981","Prince Edward Island","2016A000211","English and french","Number","Number","223","units ","0","v1043024677","3.4.1","164","","","","0"
"1981","Prince Edward Island","2016A000211","Neither english nor French","Number","Number","223","units ","0","v1043024678","3.5.1","37","","","","0"
"1981","Prince Edward Island","2016A000211","Official language minority","Number","Number","223","units ","0","v1043024679","3.6.1","5227","","","","0"
"1981","Nova Scotia","2016A000212","Total, first official language spoken","Number","Number","223","units ","0","v1043024681","4.1.1","839801","","","","0"
"1981","Nova Scotia","2016A000212","French","Number","Number","223","units ","0","v1043024682","4.2.1","32654","","","","0"
"1981","Nova Scotia","2016A000212","English","Number","Number","223","units ","0","v1043024683","4.3.1","804760","","","","0"
"1981","Nova Scotia","2016A000212","English and french","Number","Number","223","units ","0","v1043024684","4.4.1","1629","","","","0"
"1981","Nova Scotia","2016A000212","Neither english nor French","Number","Number","223","units ","0","v1043024685","4.5.1","758","","","","0"
"1981","Nova Scotia","2016A000212","Official language minority","Number","Number","223","units ","0","v1043024686","4.6.1","33469","","","","0"
"1981","New Brunswick","2016A000213","Total, first official language spoken","Number","Number","223","units ","0","v1043024688","5.1.1","689373","","","","0"
"1981","New Brunswick","2016A000213","French","Number","Number","223","units ","0","v1043024689","5.2.1","229607","","","","0"
"1981","New Brunswick","2016A000213","English","Number","Number","223","units ","0","v1043024690","5.3.1","455699","","","","0"
"1981","New Brunswick","2016A000213","English and french","Number","Number","223","units ","0","v1043024691","5.4.1","3651","","","","0"
"1981","New Brunswick","2016A000213","Neither english nor French","Number","Number","223","units ","0","v1043024692","5.5.1","416","","","","0"
"1981","New Brunswick","2016A000213","Official language minority","Number","Number","223","units ","0","v1043024693","5.6.1","231433","","","","0"
"1981","Quebec","2016A000224","Total, first official language spoken","Number","Number","223","units ","0","v1043024695","6.1.1","6369068","","","","0"
"1981","Quebec","2016A000224","French","Number","Number","223","units ","0","v1043024696","6.2.1","5364682","","","","0"
"1981","Quebec","2016A000224","English","Number","Number","223","units ","0","v1043024697","6.3.1","823746","","","","0"
"1981","Quebec","2016A000224","English and french","Number","Number","223","units ","0","v1043024698","6.4.1","131733","","","","0"
"1981","Quebec","2016A000224","Neither english nor French","Number","Number","223","units ","0","v1043024699","6.5.1","48907","","","","0"
"1981","Quebec","2016A000224","Official language minority","Number","Number","223","units ","0","v1043024700","6.6.1","889612","","","","0"
"1981","Ontario","2016A000235","Total, first official language spoken","Number","Number","223","units ","0","v1043024702","7.1.1","8534263","","","","0"
"1981","Ontario","2016A000235","French","Number","Number","223","units ","0","v1043024703","7.2.1","437862","","","","0"
"1981","Ontario","2016A000235","English","Number","Number","223","units ","0","v1043024704","7.3.1","7898249","","","","0"
"1981","Ontario","2016A000235","English and french","Number","Number","223","units ","0","v1043024705","7.4.1","55933","","","","0"
"1981","Ontario","2016A000235","Neither english nor French","Number","Number","223","units ","0","v1043024706","7.5.1","142219","","","","0"
"1981","Ontario","2016A000235","Official language minority","Number","Number","223","units ","0","v1043024707","7.6.1","465829","","","","0"
"1981","Manitoba","2016A000246","Total, first official language spoken","Number","Number","223","units ","0","v1043024709","8.1.1","1013703","","","","0"
"1981","Manitoba","2016A000246","French","Number","Number","223","units ","0","v1043024710","8.2.1","47459","","","","0"
"1981","Manitoba","2016A000246","English","Number","Number","223","units ","0","v1043024711","8.3.1","948317","","","","0"
"1981","Manitoba","2016A000246","English and french","Number","Number","223","units ","0","v1043024712","8.4.1","3253","","","","0"
"1981","Manitoba","2016A000246","Neither english nor French","Number","Number","223","units ","0","v1043024713","8.5.1","14675","","","","0"
"1981","Manitoba","2016A000246","Official language minority","Number","Number","223","units ","0","v1043024714","8.6.1","49085","","","","0"
"1981","Saskatchewan ","2016A000247","Total, first official language spoken","Number","Number","223","units ","0","v1043024716","9.1.1","956441","","","","0"
"1981","Saskatchewan ","2016A000247","French","Number","Number","223","units ","0","v1043024717","9.2.1","21797","","","","0"
"1981","Saskatchewan ","2016A000247","English","Number","Number","223","units ","0","v1043024718","9.3.1","926419","","","","0"
"1981","Saskatchewan ","2016A000247","English and french","Number","Number","223","units ","0","v1043024719","9.4.1","1371","","","","0"
"1981","Saskatchewan ","2016A000247","Neither english nor French","Number","Number","223","units ","0","v1043024720","9.5.1","6854","","","","0"
"1981","Saskatchewan ","2016A000247","Official language minority","Number","Number","223","units ","0","v1043024721","9.6.1","22483","","","","0"
"1981","Alberta","2016A000248","Total, first official language spoken","Number","Number","223","units ","0","v1043024723","10.1.1","2213651","","","","0"
"1981","Alberta","2016A000248","French","Number","Number","223","units ","0","v1043024724","10.2.1","53253","","","","0"
"1981","Alberta","2016A000248","English","Number","Number","223","units ","0","v1043024725","10.3.1","2132396","","","","0"
"1981","Alberta","2016A000248","English and french","Number","Number","223","units ","0","v1043024726","10.4.1","7065","","","","0"
"1981","Alberta","2016A000248","Neither english nor French","Number","Number","223","units ","0","v1043024727","10.5.1","20937","","","","0"
"1981","Alberta","2016A000248","Official language minority","Number","Number","223","units ","0","v1043024728","10.6.1","56785","","","","0"
"1981","British Columbia","2016A000259","Total, first official language spoken","Number","Number","223","units ","0","v1043024730","11.1.1","2713615","","","","0"
"1981","British Columbia","2016A000259","French","Number","Number","223","units ","0","v1043024731","11.2.1","36090","","","","0"
"1981","British Columbia","2016A000259","English","Number","Number","223","units ","0","v1043024732","11.3.1","2632280","","","","0"
"1981","British Columbia","2016A000259","English and french","Number","Number","223","units ","0","v1043024733","11.4.1","8006","","","","0"
"1981","British Columbia","2016A000259","Neither english nor French","Number","Number","223","units ","0","v1043024734","11.5.1","37239","","","","0"
"1981","British Columbia","2016A000259","Official language minority","Number","Number","223","units ","0","v1043024735","11.6.1","40093","","","","0"
"1981","Yukon","2016A000260","Total, first official language spoken","Number","Number","223","units ","0","v1043024737","12.1.1","23074","","","","0"
"1981","Yukon","2016A000260","French","Number","Number","223","units ","0","v1043024738","12.2.1","443","","","","0"
"1981","Yukon","2016A000260","English","Number","Number","223","units ","0","v1043024739","12.3.1","22512","","","","0"
"1981","Yukon","2016A000260","English and french","Number","Number","223","units ","0","v1043024740","12.4.1","79","","","","0"
"1981","Yukon","2016A000260","Neither english nor French","Number","Number","223","units ","0","v1043024741","12.5.1","40","","","","0"
"1981","Yukon","2016A000260","Official language minority","Number","Number","223","units ","0","v1043024742","12.6.1","483","","","","0"
"1981","Northwest Territories including Nunavut","2016A000261","Total, first official language spoken","Number","Number","223","units ","0","v1043024744","13.1.1","45537","","","t","0"
"1981","Northwest Territories including Nunavut","2016A000261","French","Number","Number","223","units ","0","v1043024745","13.2.1","1071","","","t","0"
"1981","Northwest Territories including Nunavut","2016A000261","English","Number","Number","223","units ","0","v1043024746","13.3.1","38017","","","t","0"
"1981","Northwest Territories including Nunavut","2016A000261","English and french","Number","Number","223","units ","0","v1043024747","13.4.1","159","","","t","0"
"1981","Northwest Territories including Nunavut","2016A000261","Neither english nor French","Number","Number","223","units ","0","v1043024748","13.5.1","6290","","","t","0"
"1981","Northwest Territories including Nunavut","2016A000261","Official language minority","Number","Number","223","units ","0","v1043024749","13.6.1","1151","","","t","0"
"1981","Canada outside Quebec","","Total, first official language spoken","Number","Number","223","units ","0","v1043024765","16.1.1","17714428","","","","0"
"1981","Canada outside Quebec","","French","Number","Number","223","units ","0","v1043024766","16.2.1","867509","","","","0"
"1981","Canada outside Quebec","","English","Number","Number","223","units ","0","v1043024767","16.3.1","16535455","","","","0"
"1981","Canada outside Quebec","","English and french","Number","Number","223","units ","0","v1043024768","16.4.1","81623","","","","0"
"1981","Canada outside Quebec","","Neither english nor French","Number","Number","223","units ","0","v1043024769","16.5.1","229841","","","","0"
"1981","Canada outside Quebec","","Official language minority","Number","Number","223","units ","0","v1043024770","16.6.1","908320","","","","0"
"1991","Canada","2016A000011124","Total, first official language spoken","Number","Number","223","units ","0","v1043024660","1.1.1","26994035","","","","0"
"1991","Canada","2016A000011124","French","Number","Number","223","units ","0","v1043024661","1.2.1","6704675","","","","0"
"1991","Canada","2016A000011124","English","Number","Number","223","units ","0","v1043024662","1.3.1","19709370","","","","0"
"1991","Canada","2016A000011124","English and french","Number","Number","223","units ","0","v1043024663","1.4.1","217080","","","","0"
"1991","Canada","2016A000011124","Neither english nor French","Number","Number","223","units ","0","v1043024664","1.5.1","362910","","","","0"
"1991","Canada","2016A000011124","Official language minority","Number","Number","223","units ","0","v1043024665","1.6.1","6813220","","","","0"
"1991","Newfoundland and Labrador","2016A000210","Total, first official language spoken","Number","Number","223","units ","0","v1043024667","2.1.1","563940","","","","0"
"1991","Newfoundland and Labrador","2016A000210","French","Number","Number","223","units ","0","v1043024668","2.2.1","2630","","","","0"
"1991","Newfoundland and Labrador","2016A000210","English","Number","Number","223","units ","0","v1043024669","2.3.1","560485","","","","0"
"1991","Newfoundland and Labrador","2016A000210","English and french","Number","Number","223","units ","0","v1043024670","2.4.1","95","","","","0"
"1991","Newfoundland and Labrador","2016A000210","Neither english nor French","Number","Number","223","units ","0","v1043024671","2.5.1","725","","","","0"
"1991","Newfoundland and Labrador","2016A000210","Official language minority","Number","Number","223","units ","0","v1043024672","2.6.1","2675","","","","0"
"1991","Prince Edward Island","2016A000211","Total, first official language spoken","Number","Number","223","units ","0","v1043024674","3.1.1","128100","","","","0"
"1991","Prince Edward Island","2016A000211","French","Number","Number","223","units ","0","v1043024675","3.2.1","5235","","","","0"
"1991","Prince Edward Island","2016A000211","English","Number","Number","223","units ","0","v1043024676","3.3.1","122720","","","","0"
"1991","Prince Edward Island","2016A000211","English and french","Number","Number","223","units ","0","v1043024677","3.4.1","85","","","","0"
"1991","Prince Edward Island","2016A000211","Neither english nor French","Number","Number","223","units ","0","v1043024678","3.5.1","55","","","","0"
"1991","Prince Edward Island","2016A000211","Official language minority","Number","Number","223","units ","0","v1043024679","3.6.1","5280","","","","0"
"1991","Nova Scotia","2016A000212","Total, first official language spoken","Number","Number","223","units ","0","v1043024681","4.1.1","890950","","","","0"
"1991","Nova Scotia","2016A000212","French","Number","Number","223","units ","0","v1043024682","4.2.1","35470","","","","0"
"1991","Nova Scotia","2016A000212","English","Number","Number","223","units ","0","v1043024683","4.3.1","853680","","","","0"
"1991","Nova Scotia","2016A000212","English and french","Number","Number","223","units ","0","v1043024684","4.4.1","835","","","","0"
"1991","Nova Scotia","2016A000212","Neither english nor French","Number","Number","223","units ","0","v1043024685","4.5.1","970","","","","0"
"1991","Nova Scotia","2016A000212","Official language minority","Number","Number","223","units ","0","v1043024686","4.6.1","35885","","","","0"
"1991","New Brunswick","2016A000213","Total, first official language spoken","Number","Number","223","units ","0","v1043024688","5.1.1","716495","","","","0"
"1991","New Brunswick","2016A000213","French","Number","Number","223","units ","0","v1043024689","5.2.1","241765","","","","0"
"1991","New Brunswick","2016A000213","English","Number","Number","223","units ","0","v1043024690","5.3.1","472550","","","","0"
"1991","New Brunswick","2016A000213","English and french","Number","Number","223","units ","0","v1043024691","5.4.1","1730","","","","0"
"1991","New Brunswick","2016A000213","Neither english nor French","Number","Number","223","units ","0","v1043024692","5.5.1","455","","","","0"
"1991","New Brunswick","2016A000213","Official language minority","Number","Number","223","units ","0","v1043024693","5.6.1","242630","","","","0"
"1991","Quebec","2016A000224","Total, first official language spoken","Number","Number","223","units ","0","v1043024695","6.1.1","6810300","","","","0"
"1991","Quebec","2016A000224","French","Number","Number","223","units ","0","v1043024696","6.2.1","5772180","","","","0"
"1991","Quebec","2016A000224","English","Number","Number","223","units ","0","v1043024697","6.3.1","832045","","","","0"
"1991","Quebec","2016A000224","English and french","Number","Number","223","units ","0","v1043024698","6.4.1","144505","","","","0"
"1991","Quebec","2016A000224","Neither english nor French","Number","Number","223","units ","0","v1043024699","6.5.1","61565","","","","0"
"1991","Quebec","2016A000224","Official language minority","Number","Number","223","units ","0","v1043024700","6.6.1","904305","","","","0"
"1991","Ontario","2016A000235","Total, first official language spoken","Number","Number","223","units ","0","v1043024702","7.1.1","9977050","","","","0"
"1991","Ontario","2016A000235","French","Number","Number","223","units ","0","v1043024703","7.2.1","483445","","","","0"
"1991","Ontario","2016A000235","English","Number","Number","223","units ","0","v1043024704","7.3.1","9255865","","","","0"
"1991","Ontario","2016A000235","English and french","Number","Number","223","units ","0","v1043024705","7.4.1","52410","","","","0"
"1991","Ontario","2016A000235","Neither english nor French","Number","Number","223","units ","0","v1043024706","7.5.1","185335","","","","0"
"1991","Ontario","2016A000235","Official language minority","Number","Number","223","units ","0","v1043024707","7.6.1","509650","","","","0"
"1991","Manitoba","2016A000246","Total, first official language spoken","Number","Number","223","units ","0","v1043024709","8.1.1","1079395","","","","0"
"1991","Manitoba","2016A000246","French","Number","Number","223","units ","0","v1043024710","8.2.1","46665","","","","0"
"1991","Manitoba","2016A000246","English","Number","Number","223","units ","0","v1043024711","8.3.1","1017500","","","","0"
"1991","Manitoba","2016A000246","English and french","Number","Number","223","units ","0","v1043024712","8.4.1","2265","","","","0"
"1991","Manitoba","2016A000246","Neither english nor French","Number","Number","223","units ","0","v1043024713","8.5.1","12965","","","","0"
"1991","Manitoba","2016A000246","Official language minority","Number","Number","223","units ","0","v1043024714","8.6.1","47800","","","","0"
"1991","Saskatchewan ","2016A000247","Total, first official language spoken","Number","Number","223","units ","0","v1043024716","9.1.1","976040","","","","0"
"1991","Saskatchewan ","2016A000247","French","Number","Number","223","units ","0","v1043024717","9.2.1","19315","","","","0"
"1991","Saskatchewan ","2016A000247","English","Number","Number","223","units ","0","v1043024718","9.3.1","950350","","","","0"
"1991","Saskatchewan ","2016A000247","English and french","Number","Number","223","units ","0","v1043024719","9.4.1","975","","","","0"
"1991","Saskatchewan ","2016A000247","Neither english nor French","Number","Number","223","units ","0","v1043024720","9.5.1","5395","","","","0"
"1991","Saskatchewan ","2016A000247","Official language minority","Number","Number","223","units ","0","v1043024721","9.6.1","19805","","","","0"
"1991","Alberta","2016A000248","Total, first official language spoken","Number","Number","223","units ","0","v1043024723","10.1.1","2519180","","","","0"
"1991","Alberta","2016A000248","French","Number","Number","223","units ","0","v1043024724","10.2.1","50565","","","","0"
"1991","Alberta","2016A000248","English","Number","Number","223","units ","0","v1043024725","10.3.1","2433560","","","","0"
"1991","Alberta","2016A000248","English and french","Number","Number","223","units ","0","v1043024726","10.4.1","5430","","","","0"
"1991","Alberta","2016A000248","Neither english nor French","Number","Number","223","units ","0","v1043024727","10.5.1","29635","","","","0"
"1991","Alberta","2016A000248","Official language minority","Number","Number","223","units ","0","v1043024728","10.6.1","53280","","","","0"
"1991","British Columbia","2016A000259","Total, first official language spoken","Number","Number","223","units ","0","v1043024730","11.1.1","3247505","","","","0"
"1991","British Columbia","2016A000259","French","Number","Number","223","units ","0","v1043024731","11.2.1","45225","","","","0"
"1991","British Columbia","2016A000259","English","Number","Number","223","units ","0","v1043024732","11.3.1","3132795","","","","0"
"1991","British Columbia","2016A000259","English and french","Number","Number","223","units ","0","v1043024733","11.4.1","8635","","","","0"
"1991","British Columbia","2016A000259","Neither english nor French","Number","Number","223","units ","0","v1043024734","11.5.1","60850","","","","0"
"1991","British Columbia","2016A000259","Official language minority","Number","Number","223","units ","0","v1043024735","11.6.1","49545","","","","0"
"1991","Yukon","2016A000260","Total, first official language spoken","Number","Number","223","units ","0","v1043024737","12.1.1","27660","","","","0"
"1991","Yukon","2016A000260","French","Number","Number","223","units ","0","v1043024738","12.2.1","835","","","","0"
"1991","Yukon","2016A000260","English","Number","Number","223","units ","0","v1043024739","12.3.1","26765","","","","0"
"1991","Yukon","2016A000260","English and french","Number","Number","223","units ","0","v1043024740","12.4.1","30","","","","0"
"1991","Yukon","2016A000260","Neither english nor French","Number","Number","223","units ","0","v1043024741","12.5.1","25","","","","0"
"1991","Yukon","2016A000260","Official language minority","Number","Number","223","units ","0","v1043024742","12.6.1","850","","","","0"
"1991","Northwest Territories including Nunavut","2016A000261","Total, first official language spoken","Number","Number","223","units ","0","v1043024744","13.1.1","57435","","","t","0"
"1991","Northwest Territories including Nunavut","2016A000261","French","Number","Number","223","units ","0","v1043024745","13.2.1","1345","","","t","0"
"1991","Northwest Territories including Nunavut","2016A000261","English","Number","Number","223","units ","0","v1043024746","13.3.1","51055","","","t","0"
"1991","Northwest Territories including Nunavut","2016A000261","English and french","Number","Number","223","units ","0","v1043024747","13.4.1","90","","","t","0"
"1991","Northwest Territories including Nunavut","2016A000261","Neither english nor French","Number","Number","223","units ","0","v1043024748","13.5.1","4935","","","t","0"
"1991","Northwest Territories including Nunavut","2016A000261","Official language minority","Number","Number","223","units ","0","v1043024749","13.6.1","1390","","","t","0"
"1991","Canada outside Quebec","","Total, first official language spoken","Number","Number","223","units ","0","v1043024765","16.1.1","20183735","","","","0"
"1991","Canada outside Quebec","","French","Number","Number","223","units ","0","v1043024766","16.2.1","932495","","","","0"
"1991","Canada outside Quebec","","English","Number","Number","223","units ","0","v1043024767","16.3.1","18877325","","","","0"
"1991","Canada outside Quebec","","English and french","Number","Number","223","units ","0","v1043024768","16.4.1","72575","","","","0"
"1991","Canada outside Quebec","","Neither english nor French","Number","Number","223","units ","0","v1043024769","16.5.1","301345","","","","0"
"1991","Canada outside Quebec","","Official language minority","Number","Number","223","units ","0","v1043024770","16.6.1","968785","","","","0"
"1996","Canada","2016A000011124","Total, first official language spoken","Number","Number","223","units ","0","v1043024660","1.1.1","28528125","","","","0"
"1996","Canada","2016A000011124","French","Number","Number","223","units ","0","v1043024661","1.2.1","6890880","","","","0"
"1996","Canada","2016A000011124","English","Number","Number","223","units ","0","v1043024662","1.3.1","20921770","","","","0"
"1996","Canada","2016A000011124","English and french","Number","Number","223","units ","0","v1043024663","1.4.1","254350","","","","0"
"1996","Canada","2016A000011124","Neither english nor French","Number","Number","223","units ","0","v1043024664","1.5.1","461125","","","","0"
"1996","Canada","2016A000011124","Official language minority","Number","Number","223","units ","0","v1043024665","1.6.1","7018050","","","","0"
"1996","Newfoundland and Labrador","2016A000210","Total, first official language spoken","Number","Number","223","units ","0","v1043024667","2.1.1","547160","","","","0"
"1996","Newfoundland and Labrador","2016A000210","French","Number","Number","223","units ","0","v1043024668","2.2.1","2185","","","","0"
"1996","Newfoundland and Labrador","2016A000210","English","Number","Number","223","units ","0","v1043024669","2.3.1","544360","","","","0"
"1996","Newfoundland and Labrador","2016A000210","English and french","Number","Number","223","units ","0","v1043024670","2.4.1","185","","","","0"
"1996","Newfoundland and Labrador","2016A000210","Neither english nor French","Number","Number","223","units ","0","v1043024671","2.5.1","435","","","","0"
"1996","Newfoundland and Labrador","2016A000210","Official language minority","Number","Number","223","units ","0","v1043024672","2.6.1","2270","","","","0"
"1996","Prince Edward Island","2016A000211","Total, first official language spoken","Number","Number","223","units ","0","v1043024674","3.1.1","132855","","","","0"
"1996","Prince Edward Island","2016A000211","French","Number","Number","223","units ","0","v1043024675","3.2.1","5270","","","","0"
"1996","Prince Edward Island","2016A000211","English","Number","Number","223","units ","0","v1043024676","3.3.1","127425","","","","0"
"1996","Prince Edward Island","2016A000211","English and french","Number","Number","223","units ","0","v1043024677","3.4.1","120","","","","0"
"1996","Prince Edward Island","2016A000211","Neither english nor French","Number","Number","223","units ","0","v1043024678","3.5.1","30","","","","0"
"1996","Prince Edward Island","2016A000211","Official language minority","Number","Number","223","units ","0","v1043024679","3.6.1","5335","","","","0"
"1996","Nova Scotia","2016A000212","Total, first official language spoken","Number","Number","223","units ","0","v1043024681","4.1.1","899970","","","","0"
"1996","Nova Scotia","2016A000212","French","Number","Number","223","units ","0","v1043024682","4.2.1","34090","","","","0"
"1996","Nova Scotia","2016A000212","English","Number","Number","223","units ","0","v1043024683","4.3.1","863720","","","","0"
"1996","Nova Scotia","2016A000212","English and french","Number","Number","223","units ","0","v1043024684","4.4.1","1040","","","","0"
"1996","Nova Scotia","2016A000212","Neither english nor French","Number","Number","223","units ","0","v1043024685","4.5.1","1115","","","","0"
"1996","Nova Scotia","2016A000212","Official language minority","Number","Number","223","units ","0","v1043024686","4.6.1","34615","","","","0"
"1996","New Brunswick","2016A000213","Total, first official language spoken","Number","Number","223","units ","0","v1043024688","5.1.1","729630","","","","0"
"1996","New Brunswick","2016A000213","French","Number","Number","223","units ","0","v1043024689","5.2.1","240060","","","","0"
"1996","New Brunswick","2016A000213","English","Number","Number","223","units ","0","v1043024690","5.3.1","487200","","","","0"
"1996","New Brunswick","2016A000213","English and french","Number","Number","223","units ","0","v1043024691","5.4.1","1965","","","","0"
"1996","New Brunswick","2016A000213","Neither english nor French","Number","Number","223","units ","0","v1043024692","5.5.1","405","","","","0"
"1996","New Brunswick","2016A000213","Official language minority","Number","Number","223","units ","0","v1043024693","5.6.1","241040","","","","0"
"1996","Quebec","2016A000224","Total, first official language spoken","Number","Number","223","units ","0","v1043024695","6.1.1","7045085","","","","0"
"1996","Quebec","2016A000224","French","Number","Number","223","units ","0","v1043024696","6.2.1","5963675","","","","0"
"1996","Quebec","2016A000224","English","Number","Number","223","units ","0","v1043024697","6.3.1","842105","","","","0"
"1996","Quebec","2016A000224","English and french","Number","Number","223","units ","0","v1043024698","6.4.1","167460","","","","0"
"1996","Quebec","2016A000224","Neither english nor French","Number","Number","223","units ","0","v1043024699","6.5.1","71845","","","","0"
"1996","Quebec","2016A000224","Official language minority","Number","Number","223","units ","0","v1043024700","6.6.1","925835","","","","0"
"1996","Ontario","2016A000235","Total, first official language spoken","Number","Number","223","units ","0","v1043024702","7.1.1","10642790","","","","0"
"1996","Ontario","2016A000235","French","Number","Number","223","units ","0","v1043024703","7.2.1","480650","","","","0"
"1996","Ontario","2016A000235","English","Number","Number","223","units ","0","v1043024704","7.3.1","9860780","","","","0"
"1996","Ontario","2016A000235","English and french","Number","Number","223","units ","0","v1043024705","7.4.1","62300","","","","0"
"1996","Ontario","2016A000235","Neither english nor French","Number","Number","223","units ","0","v1043024706","7.5.1","239060","","","","0"
"1996","Ontario","2016A000235","Official language minority","Number","Number","223","units ","0","v1043024707","7.6.1","511800","","","","0"
"1996","Manitoba","2016A000246","Total, first official language spoken","Number","Number","223","units ","0","v1043024709","8.1.1","1100290","","","","0"
"1996","Manitoba","2016A000246","French","Number","Number","223","units ","0","v1043024710","8.2.1","45570","","","","0"
"1996","Manitoba","2016A000246","English","Number","Number","223","units ","0","v1043024711","8.3.1","1041230","","","","0"
"1996","Manitoba","2016A000246","English and french","Number","Number","223","units ","0","v1043024712","8.4.1","2010","","","","0"
"1996","Manitoba","2016A000246","Neither english nor French","Number","Number","223","units ","0","v1043024713","8.5.1","11490","","","","0"
"1996","Manitoba","2016A000246","Official language minority","Number","Number","223","units ","0","v1043024714","8.6.1","46570","","","","0"
"1996","Saskatchewan ","2016A000247","Total, first official language spoken","Number","Number","223","units ","0","v1043024716","9.1.1","976615","","","","0"
"1996","Saskatchewan ","2016A000247","French","Number","Number","223","units ","0","v1043024717","9.2.1","17310","","","","0"
"1996","Saskatchewan ","2016A000247","English","Number","Number","223","units ","0","v1043024718","9.3.1","953775","","","","0"
"1996","Saskatchewan ","2016A000247","English and french","Number","Number","223","units ","0","v1043024719","9.4.1","810","","","","0"
"1996","Saskatchewan ","2016A000247","Neither english nor French","Number","Number","223","units ","0","v1043024720","9.5.1","4720","","","","0"
"1996","Saskatchewan ","2016A000247","Official language minority","Number","Number","223","units ","0","v1043024721","9.6.1","17720","","","","0"
"1996","Alberta","2016A000248","Total, first official language spoken","Number","Number","223","units ","0","v1043024723","10.1.1","2669195","","","","0"
"1996","Alberta","2016A000248","French","Number","Number","223","units ","0","v1043024724","10.2.1","49390","","","","0"
"1996","Alberta","2016A000248","English","Number","Number","223","units ","0","v1043024725","10.3.1","2580675","","","","0"
"1996","Alberta","2016A000248","English and french","Number","Number","223","units ","0","v1043024726","10.4.1","6220","","","","0"
"1996","Alberta","2016A000248","Neither english nor French","Number","Number","223","units ","0","v1043024727","10.5.1","32910","","","","0"
"1996","Alberta","2016A000248","Official language minority","Number","Number","223","units ","0","v1043024728","10.6.1","52500","","","","0"
"1996","British Columbia","2016A000259","Total, first official language spoken","Number","Number","223","units ","0","v1043024730","11.1.1","3689755","","","","0"
"1996","British Columbia","2016A000259","French","Number","Number","223","units ","0","v1043024731","11.2.1","50285","","","","0"
"1996","British Columbia","2016A000259","English","Number","Number","223","units ","0","v1043024732","11.3.1","3532485","","","","0"
"1996","British Columbia","2016A000259","English and french","Number","Number","223","units ","0","v1043024733","11.4.1","12040","","","","0"
"1996","British Columbia","2016A000259","Neither english nor French","Number","Number","223","units ","0","v1043024734","11.5.1","94945","","","","0"
"1996","British Columbia","2016A000259","Official language minority","Number","Number","223","units ","0","v1043024735","11.6.1","56310","","","","0"
"1996","Yukon","2016A000260","Total, first official language spoken","Number","Number","223","units ","0","v1043024737","12.1.1","30655","","","","0"
"1996","Yukon","2016A000260","French","Number","Number","223","units ","0","v1043024738","12.2.1","1080","","","","0"
"1996","Yukon","2016A000260","English","Number","Number","223","units ","0","v1043024739","12.3.1","29455","","","","0"
"1996","Yukon","2016A000260","English and french","Number","Number","223","units ","0","v1043024740","12.4.1","70","","","","0"
"1996","Yukon","2016A000260","Neither english nor French","Number","Number","223","units ","0","v1043024741","12.5.1","45","","","","0"
"1996","Yukon","2016A000260","Official language minority","Number","Number","223","units ","0","v1043024742","12.6.1","1115","","","","0"
"1996","Northwest Territories including Nunavut","2016A000261","Total, first official language spoken","Number","Number","223","units ","0","v1043024744","13.1.1","64120","","","t","0"
"1996","Northwest Territories including Nunavut","2016A000261","French","Number","Number","223","units ","0","v1043024745","13.2.1","1315","","","t","0"
"1996","Northwest Territories including Nunavut","2016A000261","English","Number","Number","223","units ","0","v1043024746","13.3.1","58565","","","t","0"
"1996","Northwest Territories including Nunavut","2016A000261","English and french","Number","Number","223","units ","0","v1043024747","13.4.1","120","","","t","0"
"1996","Northwest Territories including Nunavut","2016A000261","Neither english nor French","Number","Number","223","units ","0","v1043024748","13.5.1","4120","","","t","0"
"1996","Northwest Territories including Nunavut","2016A000261","Official language minority","Number","Number","223","units ","0","v1043024749","13.6.1","1375","","","t","0"
"1996","Canada outside Quebec","","Total, first official language spoken","Number","Number","223","units ","0","v1043024765","16.1.1","21483040","","","","0"
"1996","Canada outside Quebec","","French","Number","Number","223","units ","0","v1043024766","16.2.1","927205","","","","0"
"1996","Canada outside Quebec","","English","Number","Number","223","units ","0","v1043024767","16.3.1","20079665","","","","0"
"1996","Canada outside Quebec","","English and french","Number","Number","223","units ","0","v1043024768","16.4.1","86890","","","","0"
"1996","Canada outside Quebec","","Neither english nor French","Number","Number","223","units ","0","v1043024769","16.5.1","389280","","","","0"
"1996","Canada outside Quebec","","Official language minority","Number","Number","223","units ","0","v1043024770","16.6.1","970650","","","","0"
"2001","Canada","2016A000011124","Total, first official language spoken","Number","Number","223","units ","0","v1043024660","1.1.1","29639050","","","","0"
"2001","Canada","2016A000011124","French","Number","Number","223","units ","0","v1043024661","1.2.1","6995465","","","","0"
"2001","Canada","2016A000011124","English","Number","Number","223","units ","0","v1043024662","1.3.1","21927040","","","","0"
"2001","Canada","2016A000011124","English and french","Number","Number","223","units ","0","v1043024663","1.4.1","283065","","","","0"
"2001","Canada","2016A000011124","Neither english nor French","Number","Number","223","units ","0","v1043024664","1.5.1","433480","","","","0"
"2001","Canada","2016A000011124","Official language minority","Number","Number","223","units ","0","v1043024665","1.6.1","7136998","","","","0"
"2001","Newfoundland and Labrador","2016A000210","Total, first official language spoken","Number","Number","223","units ","0","v1043024667","2.1.1","508090","","","","0"
"2001","Newfoundland and Labrador","2016A000210","French","Number","Number","223","units ","0","v1043024668","2.2.1","2045","","","","0"
"2001","Newfoundland and Labrador","2016A000210","English","Number","Number","223","units ","0","v1043024669","2.3.1","505380","","","","0"
"2001","Newfoundland and Labrador","2016A000210","English and french","Number","Number","223","units ","0","v1043024670","2.4.1","100","","","","0"
"2001","Newfoundland and Labrador","2016A000210","Neither english nor French","Number","Number","223","units ","0","v1043024671","2.5.1","565","","","","0"
"2001","Newfoundland and Labrador","2016A000210","Official language minority","Number","Number","223","units ","0","v1043024672","2.6.1","2095","","","","0"
"2001","Prince Edward Island","2016A000211","Total, first official language spoken","Number","Number","223","units ","0","v1043024674","3.1.1","133390","","","","0"
"2001","Prince Edward Island","2016A000211","French","Number","Number","223","units ","0","v1043024675","3.2.1","5245","","","","0"
"2001","Prince Edward Island","2016A000211","English","Number","Number","223","units ","0","v1043024676","3.3.1","128025","","","","0"
"2001","Prince Edward Island","2016A000211","English and french","Number","Number","223","units ","0","v1043024677","3.4.1","85","","","","0"
"2001","Prince Edward Island","2016A000211","Neither english nor French","Number","Number","223","units ","0","v1043024678","3.5.1","35","","","","0"
"2001","Prince Edward Island","2016A000211","Official language minority","Number","Number","223","units ","0","v1043024679","3.6.1","5288","","","","0"
"2001","Nova Scotia","2016A000212","Total, first official language spoken","Number","Number","223","units ","0","v1043024681","4.1.1","897585","","","","0"
"2001","Nova Scotia","2016A000212","French","Number","Number","223","units ","0","v1043024682","4.2.1","33175","","","","0"
"2001","Nova Scotia","2016A000212","English","Number","Number","223","units ","0","v1043024683","4.3.1","862395","","","","0"
"2001","Nova Scotia","2016A000212","English and french","Number","Number","223","units ","0","v1043024684","4.4.1","1175","","","","0"
"2001","Nova Scotia","2016A000212","Neither english nor French","Number","Number","223","units ","0","v1043024685","4.5.1","840","","","","0"
"2001","Nova Scotia","2016A000212","Official language minority","Number","Number","223","units ","0","v1043024686","4.6.1","33763","","","","0"
"2001","New Brunswick","2016A000213","Total, first official language spoken","Number","Number","223","units ","0","v1043024688","5.1.1","719710","","","","0"
"2001","New Brunswick","2016A000213","French","Number","Number","223","units ","0","v1043024689","5.2.1","237615","","","","0"
"2001","New Brunswick","2016A000213","English","Number","Number","223","units ","0","v1043024690","5.3.1","480085","","","","0"
"2001","New Brunswick","2016A000213","English and french","Number","Number","223","units ","0","v1043024691","5.4.1","1665","","","","0"
"2001","New Brunswick","2016A000213","Neither english nor French","Number","Number","223","units ","0","v1043024692","5.5.1","345","","","","0"
"2001","New Brunswick","2016A000213","Official language minority","Number","Number","223","units ","0","v1043024693","5.6.1","238448","","","","0"
"2001","Quebec","2016A000224","Total, first official language spoken","Number","Number","223","units ","0","v1043024695","6.1.1","7125555","","","","0"
"2001","Quebec","2016A000224","French","Number","Number","223","units ","0","v1043024696","6.2.1","6059080","","","","0"
"2001","Quebec","2016A000224","English","Number","Number","223","units ","0","v1043024697","6.3.1","828720","","","","0"
"2001","Quebec","2016A000224","English and french","Number","Number","223","units ","0","v1043024698","6.4.1","180465","","","","0"
"2001","Quebec","2016A000224","Neither english nor French","Number","Number","223","units ","0","v1043024699","6.5.1","57290","","","","0"
"2001","Quebec","2016A000224","Official language minority","Number","Number","223","units ","0","v1043024700","6.6.1","918953","","","","0"
"2001","Ontario","2016A000235","Total, first official language spoken","Number","Number","223","units ","0","v1043024702","7.1.1","11285585","","","","0"
"2001","Ontario","2016A000235","French","Number","Number","223","units ","0","v1043024703","7.2.1","489920","","","","0"
"2001","Ontario","2016A000235","English","Number","Number","223","units ","0","v1043024704","7.3.1","10493685","","","","0"
"2001","Ontario","2016A000235","English and french","Number","Number","223","units ","0","v1043024705","7.4.1","75610","","","","0"
"2001","Ontario","2016A000235","Neither english nor French","Number","Number","223","units ","0","v1043024706","7.5.1","226370","","","","0"
"2001","Ontario","2016A000235","Official language minority","Number","Number","223","units ","0","v1043024707","7.6.1","527725","","","","0"
"2001","Manitoba","2016A000246","Total, first official language spoken","Number","Number","223","units ","0","v1043024709","8.1.1","1103710","","","","0"
"2001","Manitoba","2016A000246","French","Number","Number","223","units ","0","v1043024710","8.2.1","42410","","","","0"
"2001","Manitoba","2016A000246","English","Number","Number","223","units ","0","v1043024711","8.3.1","1050310","","","","0"
"2001","Manitoba","2016A000246","English and french","Number","Number","223","units ","0","v1043024712","8.4.1","1940","","","","0"
"2001","Manitoba","2016A000246","Neither english nor French","Number","Number","223","units ","0","v1043024713","8.5.1","9050","","","","0"
"2001","Manitoba","2016A000246","Official language minority","Number","Number","223","units ","0","v1043024714","8.6.1","43380","","","","0"
"2001","Saskatchewan ","2016A000247","Total, first official language spoken","Number","Number","223","units ","0","v1043024716","9.1.1","963115","","","","0"
"2001","Saskatchewan ","2016A000247","French","Number","Number","223","units ","0","v1043024717","9.2.1","16195","","","","0"
"2001","Saskatchewan ","2016A000247","English","Number","Number","223","units ","0","v1043024718","9.3.1","943235","","","","0"
"2001","Saskatchewan ","2016A000247","English and french","Number","Number","223","units ","0","v1043024719","9.4.1","685","","","","0"
"2001","Saskatchewan ","2016A000247","Neither english nor French","Number","Number","223","units ","0","v1043024720","9.5.1","3000","","","","0"
"2001","Saskatchewan ","2016A000247","Official language minority","Number","Number","223","units ","0","v1043024721","9.6.1","16538","","","","0"
"2001","Alberta","2016A000248","Total, first official language spoken","Number","Number","223","units ","0","v1043024723","10.1.1","2941190","","","","0"
"2001","Alberta","2016A000248","French","Number","Number","223","units ","0","v1043024724","10.2.1","55645","","","","0"
"2001","Alberta","2016A000248","English","Number","Number","223","units ","0","v1043024725","10.3.1","2848810","","","","0"
"2001","Alberta","2016A000248","English and french","Number","Number","223","units ","0","v1043024726","10.4.1","6375","","","","0"
"2001","Alberta","2016A000248","Neither english nor French","Number","Number","223","units ","0","v1043024727","10.5.1","30360","","","","0"
"2001","Alberta","2016A000248","Official language minority","Number","Number","223","units ","0","v1043024728","10.6.1","58833","","","","0"
"2001","British Columbia","2016A000259","Total, first official language spoken","Number","Number","223","units ","0","v1043024730","11.1.1","3868870","","","","0"
"2001","British Columbia","2016A000259","French","Number","Number","223","units ","0","v1043024731","11.2.1","51970","","","","0"
"2001","British Columbia","2016A000259","English","Number","Number","223","units ","0","v1043024732","11.3.1","3700385","","","","0"
"2001","British Columbia","2016A000259","English and french","Number","Number","223","units ","0","v1043024733","11.4.1","14790","","","","0"
"2001","British Columbia","2016A000259","Neither english nor French","Number","Number","223","units ","0","v1043024734","11.5.1","101725","","","","0"
"2001","British Columbia","2016A000259","Official language minority","Number","Number","223","units ","0","v1043024735","11.6.1","59365","","","","0"
"2001","Yukon","2016A000260","Total, first official language spoken","Number","Number","223","units ","0","v1043024737","12.1.1","28515","","","","0"
"2001","Yukon","2016A000260","French","Number","Number","223","units ","0","v1043024738","12.2.1","850","","","","0"
"2001","Yukon","2016A000260","English","Number","Number","223","units ","0","v1043024739","12.3.1","27545","","","","0"
"2001","Yukon","2016A000260","English and french","Number","Number","223","units ","0","v1043024740","12.4.1","60","","","","0"
"2001","Yukon","2016A000260","Neither english nor French","Number","Number","223","units ","0","v1043024741","12.5.1","60","","","","0"
"2001","Yukon","2016A000260","Official language minority","Number","Number","223","units ","0","v1043024742","12.6.1","880","","","","0"
"2001","Northwest Territories","2016A000261","Total, first official language spoken","Number","Number","223","units ","0","v1043024751","14.1.1","37145","","","","0"
"2001","Northwest Territories","2016A000261","French","Number","Number","223","units ","0","v1043024752","14.2.1","885","","","","0"
"2001","Northwest Territories","2016A000261","English","Number","Number","223","units ","0","v1043024753","14.3.1","35785","","","","0"
"2001","Northwest Territories","2016A000261","English and french","Number","Number","223","units ","0","v1043024754","14.4.1","90","","","","0"
"2001","Northwest Territories","2016A000261","Neither english nor French","Number","Number","223","units ","0","v1043024755","14.5.1","385","","","","0"
"2001","Northwest Territories","2016A000261","Official language minority","Number","Number","223","units ","0","v1043024756","14.6.1","930","","","","0"
"2001","Nunavut","2016A000262","Total, first official language spoken","Number","Number","223","units ","0","v1043024758","15.1.1","26665","","","","0"
"2001","Nunavut","2016A000262","French","Number","Number","223","units ","0","v1043024759","15.2.1","400","","","","0"
"2001","Nunavut","2016A000262","English","Number","Number","223","units ","0","v1043024760","15.3.1","22730","","","","0"
"2001","Nunavut","2016A000262","English and french","Number","Number","223","units ","0","v1043024761","15.4.1","60","","","","0"
"2001","Nunavut","2016A000262","Neither english nor French","Number","Number","223","units ","0","v1043024762","15.5.1","3475","","","","0"
"2001","Nunavut","2016A000262","Official language minority","Number","Number","223","units ","0","v1043024763","15.6.1","430","","","","0"
"2001","Canada outside Quebec","","Total, first official language spoken","Number","Number","223","units ","0","v1043024765","16.1.1","22513515","","","","0"
"2001","Canada outside Quebec","","French","Number","Number","223","units ","0","v1043024766","16.2.1","936380","","","","0"
"2001","Canada outside Quebec","","English","Number","Number","223","units ","0","v1043024767","16.3.1","21098305","","","","0"
"2001","Canada outside Quebec","","English and french","Number","Number","223","units ","0","v1043024768","16.4.1","102620","","","","0"
"2001","Canada outside Quebec","","Neither english nor French","Number","Number","223","units ","0","v1043024769","16.5.1","376210","","","","0"
"2001","Canada outside Quebec","","Official language minority","Number","Number","223","units ","0","v1043024770","16.6.1","987690","","","","0"
"2006","Canada","2016A000011124","Total, first official language spoken","Number","Number","223","units ","0","v1043024660","1.1.1","31241030","","","","0"
"2006","Canada","2016A000011124","French","Number","Number","223","units ","0","v1043024661","1.2.1","7204390","","","","0"
"2006","Canada","2016A000011124","English","Number","Number","223","units ","0","v1043024662","1.3.1","23197090","","","","0"
"2006","Canada","2016A000011124","English and french","Number","Number","223","units ","0","v1043024663","1.4.1","331925","","","","0"
"2006","Canada","2016A000011124","Neither english nor French","Number","Number","223","units ","0","v1043024664","1.5.1","507620","","","","0"
"2006","Canada","2016A000011124","Official language minority","Number","Number","223","units ","0","v1043024665","1.6.1","7370350","","","","0"
"2006","Newfoundland and Labrador","2016A000210","Total, first official language spoken","Number","Number","223","units ","0","v1043024667","2.1.1","500610","","","","0"
"2006","Newfoundland and Labrador","2016A000210","French","Number","Number","223","units ","0","v1043024668","2.2.1","1835","","","","0"
"2006","Newfoundland and Labrador","2016A000210","English","Number","Number","223","units ","0","v1043024669","2.3.1","497815","","","","0"
"2006","Newfoundland and Labrador","2016A000210","English and french","Number","Number","223","units ","0","v1043024670","2.4.1","195","","","","0"
"2006","Newfoundland and Labrador","2016A000210","Neither english nor French","Number","Number","223","units ","0","v1043024671","2.5.1","760","","","","0"
"2006","Newfoundland and Labrador","2016A000210","Official language minority","Number","Number","223","units ","0","v1043024672","2.6.1","1935","","","","0"
"2006","Prince Edward Island","2016A000211","Total, first official language spoken","Number","Number","223","units ","0","v1043024674","3.1.1","134205","","","","0"
"2006","Prince Edward Island","2016A000211","French","Number","Number","223","units ","0","v1043024675","3.2.1","5085","","","","0"
"2006","Prince Edward Island","2016A000211","English","Number","Number","223","units ","0","v1043024676","3.3.1","128985","","","","0"
"2006","Prince Edward Island","2016A000211","English and french","Number","Number","223","units ","0","v1043024677","3.4.1","95","","","","0"
"2006","Prince Edward Island","2016A000211","Neither english nor French","Number","Number","223","units ","0","v1043024678","3.5.1","45","","","","0"
"2006","Prince Edward Island","2016A000211","Official language minority","Number","Number","223","units ","0","v1043024679","3.6.1","5130","","","","0"
"2006","Nova Scotia","2016A000212","Total, first official language spoken","Number","Number","223","units ","0","v1043024681","4.1.1","903090","","","","0"
"2006","Nova Scotia","2016A000212","French","Number","Number","223","units ","0","v1043024682","4.2.1","31510","","","","0"
"2006","Nova Scotia","2016A000212","English","Number","Number","223","units ","0","v1043024683","4.3.1","868850","","","","0"
"2006","Nova Scotia","2016A000212","English and french","Number","Number","223","units ","0","v1043024684","4.4.1","1425","","","","0"
"2006","Nova Scotia","2016A000212","Neither english nor French","Number","Number","223","units ","0","v1043024685","4.5.1","1300","","","","0"
"2006","Nova Scotia","2016A000212","Official language minority","Number","Number","223","units ","0","v1043024686","4.6.1","32225","","","","0"
"2006","New Brunswick","2016A000213","Total, first official language spoken","Number","Number","223","units ","0","v1043024688","5.1.1","719650","","","","0"
"2006","New Brunswick","2016A000213","French","Number","Number","223","units ","0","v1043024689","5.2.1","234155","","","","0"
"2006","New Brunswick","2016A000213","English","Number","Number","223","units ","0","v1043024690","5.3.1","482870","","","","0"
"2006","New Brunswick","2016A000213","English and french","Number","Number","223","units ","0","v1043024691","5.4.1","1945","","","","0"
"2006","New Brunswick","2016A000213","Neither english nor French","Number","Number","223","units ","0","v1043024692","5.5.1","680","","","","0"
"2006","New Brunswick","2016A000213","Official language minority","Number","Number","223","units ","0","v1043024693","5.6.1","235130","","","","0"
"2006","Quebec","2016A000224","Total, first official language spoken","Number","Number","223","units ","0","v1043024695","6.1.1","7435900","","","","0"
"2006","Quebec","2016A000224","French","Number","Number","223","units ","0","v1043024696","6.2.1","6263945","","","","0"
"2006","Quebec","2016A000224","English","Number","Number","223","units ","0","v1043024697","6.3.1","885445","","","","0"
"2006","Quebec","2016A000224","English and french","Number","Number","223","units ","0","v1043024698","6.4.1","218555","","","","0"
"2006","Quebec","2016A000224","Neither english nor French","Number","Number","223","units ","0","v1043024699","6.5.1","67955","","","","0"
"2006","Quebec","2016A000224","Official language minority","Number","Number","223","units ","0","v1043024700","6.6.1","994725","","","","0"
"2006","Ontario","2016A000235","Total, first official language spoken","Number","Number","223","units ","0","v1043024702","7.1.1","12028895","","","","0"
"2006","Ontario","2016A000235","French","Number","Number","223","units ","0","v1043024703","7.2.1","497150","","","","0"
"2006","Ontario","2016A000235","English","Number","Number","223","units ","0","v1043024704","7.3.1","11189935","","","","0"
"2006","Ontario","2016A000235","English and french","Number","Number","223","units ","0","v1043024705","7.4.1","80890","","","","0"
"2006","Ontario","2016A000235","Neither english nor French","Number","Number","223","units ","0","v1043024706","7.5.1","260925","","","","0"
"2006","Ontario","2016A000235","Official language minority","Number","Number","223","units ","0","v1043024707","7.6.1","537595","","","","0"
"2006","Manitoba","2016A000246","Total, first official language spoken","Number","Number","223","units ","0","v1043024709","8.1.1","1133515","","","","0"
"2006","Manitoba","2016A000246","French","Number","Number","223","units ","0","v1043024710","8.2.1","42130","","","","0"
"2006","Manitoba","2016A000246","English","Number","Number","223","units ","0","v1043024711","8.3.1","1079235","","","","0"
"2006","Manitoba","2016A000246","English and french","Number","Number","223","units ","0","v1043024712","8.4.1","1985","","","","0"
"2006","Manitoba","2016A000246","Neither english nor French","Number","Number","223","units ","0","v1043024713","8.5.1","10165","","","","0"
"2006","Manitoba","2016A000246","Official language minority","Number","Number","223","units ","0","v1043024714","8.6.1","43120","","","","0"
"2006","Saskatchewan ","2016A000247","Total, first official language spoken","Number","Number","223","units ","0","v1043024716","9.1.1","953850","","","","0"
"2006","Saskatchewan ","2016A000247","French","Number","Number","223","units ","0","v1043024717","9.2.1","14475","","","","0"
"2006","Saskatchewan ","2016A000247","English","Number","Number","223","units ","0","v1043024718","9.3.1","935495","","","","0"
"2006","Saskatchewan ","2016A000247","English and french","Number","Number","223","units ","0","v1043024719","9.4.1","745","","","","0"
"2006","Saskatchewan ","2016A000247","Neither english nor French","Number","Number","223","units ","0","v1043024720","9.5.1","3130","","","","0"
"2006","Saskatchewan ","2016A000247","Official language minority","Number","Number","223","units ","0","v1043024721","9.6.1","14850","","","","0"
"2006","Alberta","2016A000248","Total, first official language spoken","Number","Number","223","units ","0","v1043024723","10.1.1","3256355","","","","0"
"2006","Alberta","2016A000248","French","Number","Number","223","units ","0","v1043024724","10.2.1","58575","","","","0"
"2006","Alberta","2016A000248","English","Number","Number","223","units ","0","v1043024725","10.3.1","3150170","","","","0"
"2006","Alberta","2016A000248","English and french","Number","Number","223","units ","0","v1043024726","10.4.1","8420","","","","0"
"2006","Alberta","2016A000248","Neither english nor French","Number","Number","223","units ","0","v1043024727","10.5.1","39185","","","","0"
"2006","Alberta","2016A000248","Official language minority","Number","Number","223","units ","0","v1043024728","10.6.1","62790","","","","0"
"2006","British Columbia","2016A000259","Total, first official language spoken","Number","Number","223","units ","0","v1043024730","11.1.1","4074385","","","","0"
"2006","British Columbia","2016A000259","French","Number","Number","223","units ","0","v1043024731","11.2.1","53060","","","","0"
"2006","British Columbia","2016A000259","English","Number","Number","223","units ","0","v1043024732","11.3.1","3883215","","","","0"
"2006","British Columbia","2016A000259","English and french","Number","Number","223","units ","0","v1043024733","11.4.1","17350","","","","0"
"2006","British Columbia","2016A000259","Neither english nor French","Number","Number","223","units ","0","v1043024734","11.5.1","120760","","","","0"
"2006","British Columbia","2016A000259","Official language minority","Number","Number","223","units ","0","v1043024735","11.6.1","61735","","","","0"
"2006","Yukon","2016A000260","Total, first official language spoken","Number","Number","223","units ","0","v1043024737","12.1.1","30195","","","","0"
"2006","Yukon","2016A000260","French","Number","Number","223","units ","0","v1043024738","12.2.1","1120","","","","0"
"2006","Yukon","2016A000260","English","Number","Number","223","units ","0","v1043024739","12.3.1","28830","","","","0"
"2006","Yukon","2016A000260","English and french","Number","Number","223","units ","0","v1043024740","12.4.1","120","","","","0"
"2006","Yukon","2016A000260","Neither english nor French","Number","Number","223","units ","0","v1043024741","12.5.1","120","","","","0"
"2006","Yukon","2016A000260","Official language minority","Number","Number","223","units ","0","v1043024742","12.6.1","1185","","","","0"
"2006","Northwest Territories","2016A000261","Total, first official language spoken","Number","Number","223","units ","0","v1043024751","14.1.1","41055","","","","0"
"2006","Northwest Territories","2016A000261","French","Number","Number","223","units ","0","v1043024752","14.2.1","950","","","","0"
"2006","Northwest Territories","2016A000261","English","Number","Number","223","units ","0","v1043024753","14.3.1","39670","","","","0"
"2006","Northwest Territories","2016A000261","English and french","Number","Number","223","units ","0","v1043024754","14.4.1","110","","","","0"
"2006","Northwest Territories","2016A000261","Neither english nor French","Number","Number","223","units ","0","v1043024755","14.5.1","320","","","","0"
"2006","Northwest Territories","2016A000261","Official language minority","Number","Number","223","units ","0","v1043024756","14.6.1","1005","","","","0"
"2006","Nunavut","2016A000262","Total, first official language spoken","Number","Number","223","units ","0","v1043024758","15.1.1","29325","","","","0"
"2006","Nunavut","2016A000262","French","Number","Number","223","units ","0","v1043024759","15.2.1","385","","","","0"
"2006","Nunavut","2016A000262","English","Number","Number","223","units ","0","v1043024760","15.3.1","26570","","","","0"
"2006","Nunavut","2016A000262","English and french","Number","Number","223","units ","0","v1043024761","15.4.1","80","","","","0"
"2006","Nunavut","2016A000262","Neither english nor French","Number","Number","223","units ","0","v1043024762","15.5.1","2290","","","","0"
"2006","Nunavut","2016A000262","Official language minority","Number","Number","223","units ","0","v1043024763","15.6.1","425","","","","0"
"2006","Canada outside Quebec","","Total, first official language spoken","Number","Number","223","units ","0","v1043024765","16.1.1","23805125","","","","0"
"2006","Canada outside Quebec","","French","Number","Number","223","units ","0","v1043024766","16.2.1","940445","","","","0"
"2006","Canada outside Quebec","","English","Number","Number","223","units ","0","v1043024767","16.3.1","22311645","","","","0"
"2006","Canada outside Quebec","","English and french","Number","Number","223","units ","0","v1043024768","16.4.1","113370","","","","0"
"2006","Canada outside Quebec","","Neither english nor French","Number","Number","223","units ","0","v1043024769","16.5.1","439665","","","","0"
"2006","Canada outside Quebec","","Official language minority","Number","Number","223","units ","0","v1043024770","16.6.1","997125","","","","0"
"2011","Canada","2016A000011124","Total, first official language spoken","Number","Number","223","units ","0","v1043024660","1.1.1","33121175","","","","0"
"2011","Canada","2016A000011124","French","Number","Number","223","units ","0","v1043024661","1.2.1","7507890","","","","0"
"2011","Canada","2016A000011124","English","Number","Number","223","units ","0","v1043024662","1.3.1","24662895","","","","0"
"2011","Canada","2016A000011124","English and french","Number","Number","223","units ","0","v1043024663","1.4.1","367635","","","","0"
"2011","Canada","2016A000011124","Neither english nor French","Number","Number","223","units ","0","v1043024664","1.5.1","582755","","","","0"
"2011","Canada","2016A000011124","Official language minority","Number","Number","223","units ","0","v1043024665","1.6.1","7691705","","","","0"
"2011","Newfoundland and Labrador","2016A000210","Total, first official language spoken","Number","Number","223","units ","0","v1043024667","2.1.1","509950","","","","0"
"2011","Newfoundland and Labrador","2016A000210","French","Number","Number","223","units ","0","v1043024668","2.2.1","1995","","","","0"
"2011","Newfoundland and Labrador","2016A000210","English","Number","Number","223","units ","0","v1043024669","2.3.1","507200","","","","0"
"2011","Newfoundland and Labrador","2016A000210","English and french","Number","Number","223","units ","0","v1043024670","2.4.1","210","","","","0"
"2011","Newfoundland and Labrador","2016A000210","Neither english nor French","Number","Number","223","units ","0","v1043024671","2.5.1","550","","","","0"
"2011","Newfoundland and Labrador","2016A000210","Official language minority","Number","Number","223","units ","0","v1043024672","2.6.1","2095","","","","0"
"2011","Prince Edward Island","2016A000211","Total, first official language spoken","Number","Number","223","units ","0","v1043024674","3.1.1","138435","","","","0"
"2011","Prince Edward Island","2016A000211","French","Number","Number","223","units ","0","v1043024675","3.2.1","4715","","","","0"
"2011","Prince Edward Island","2016A000211","English","Number","Number","223","units ","0","v1043024676","3.3.1","132855","","","","0"
"2011","Prince Edward Island","2016A000211","English and french","Number","Number","223","units ","0","v1043024677","3.4.1","185","","","","0"
"2011","Prince Edward Island","2016A000211","Neither english nor French","Number","Number","223","units ","0","v1043024678","3.5.1","675","","","","0"
"2011","Prince Edward Island","2016A000211","Official language minority","Number","Number","223","units ","0","v1043024679","3.6.1","4810","","","","0"
"2011","Nova Scotia","2016A000212","Total, first official language spoken","Number","Number","223","units ","0","v1043024681","4.1.1","910620","","","","0"
"2011","Nova Scotia","2016A000212","French","Number","Number","223","units ","0","v1043024682","4.2.1","29550","","","","0"
"2011","Nova Scotia","2016A000212","English","Number","Number","223","units ","0","v1043024683","4.3.1","877990","","","","0"
"2011","Nova Scotia","2016A000212","English and french","Number","Number","223","units ","0","v1043024684","4.4.1","1560","","","","0"
"2011","Nova Scotia","2016A000212","Neither english nor French","Number","Number","223","units ","0","v1043024685","4.5.1","1515","","","","0"
"2011","Nova Scotia","2016A000212","Official language minority","Number","Number","223","units ","0","v1043024686","4.6.1","30330","","","","0"
"2011","New Brunswick","2016A000213","Total, first official language spoken","Number","Number","223","units ","0","v1043024688","5.1.1","739895","","","","0"
"2011","New Brunswick","2016A000213","French","Number","Number","223","units ","0","v1043024689","5.2.1","234410","","","","0"
"2011","New Brunswick","2016A000213","English","Number","Number","223","units ","0","v1043024690","5.3.1","502040","","","","0"
"2011","New Brunswick","2016A000213","English and french","Number","Number","223","units ","0","v1043024691","5.4.1","2575","","","","0"
"2011","New Brunswick","2016A000213","Neither english nor French","Number","Number","223","units ","0","v1043024692","5.5.1","870","","","","0"
"2011","New Brunswick","2016A000213","Official language minority","Number","Number","223","units ","0","v1043024693","5.6.1","235700","","","","0"
"2011","Quebec","2016A000224","Total, first official language spoken","Number","Number","223","units ","0","v1043024695","6.1.1","7815955","","","","0"
"2011","Quebec","2016A000224","French","Number","Number","223","units ","0","v1043024696","6.2.1","6561510","","","","0"
"2011","Quebec","2016A000224","English","Number","Number","223","units ","0","v1043024697","6.3.1","935635","","","","0"
"2011","Quebec","2016A000224","English and french","Number","Number","223","units ","0","v1043024698","6.4.1","245230","","","","0"
"2011","Quebec","2016A000224","Neither english nor French","Number","Number","223","units ","0","v1043024699","6.5.1","73580","","","","0"
"2011","Quebec","2016A000224","Official language minority","Number","Number","223","units ","0","v1043024700","6.6.1","1058250","","","","0"
"2011","Ontario","2016A000235","Total, first official language spoken","Number","Number","223","units ","0","v1043024702","7.1.1","12722065","","","","0"
"2011","Ontario","2016A000235","French","Number","Number","223","units ","0","v1043024703","7.2.1","500275","","","","0"
"2011","Ontario","2016A000235","English","Number","Number","223","units ","0","v1043024704","7.3.1","11844580","","","","0"
"2011","Ontario","2016A000235","English and french","Number","Number","223","units ","0","v1043024705","7.4.1","84230","","","","0"
"2011","Ontario","2016A000235","Neither english nor French","Number","Number","223","units ","0","v1043024706","7.5.1","292980","","","","0"
"2011","Ontario","2016A000235","Official language minority","Number","Number","223","units ","0","v1043024707","7.6.1","542390","","","","0"
"2011","Manitoba","2016A000246","Total, first official language spoken","Number","Number","223","units ","0","v1043024709","8.1.1","1193095","","","","0"
"2011","Manitoba","2016A000246","French","Number","Number","223","units ","0","v1043024710","8.2.1","39995","","","","0"
"2011","Manitoba","2016A000246","English","Number","Number","223","units ","0","v1043024711","8.3.1","1136685","","","","0"
"2011","Manitoba","2016A000246","English and french","Number","Number","223","units ","0","v1043024712","8.4.1","2740","","","","0"
"2011","Manitoba","2016A000246","Neither english nor French","Number","Number","223","units ","0","v1043024713","8.5.1","13670","","","","0"
"2011","Manitoba","2016A000246","Official language minority","Number","Number","223","units ","0","v1043024714","8.6.1","41365","","","","0"
"2011","Saskatchewan ","2016A000247","Total, first official language spoken","Number","Number","223","units ","0","v1043024716","9.1.1","1018310","","","","0"
"2011","Saskatchewan ","2016A000247","French","Number","Number","223","units ","0","v1043024717","9.2.1","13710","","","","0"
"2011","Saskatchewan ","2016A000247","English","Number","Number","223","units ","0","v1043024718","9.3.1","998300","","","","0"
"2011","Saskatchewan ","2016A000247","English and french","Number","Number","223","units ","0","v1043024719","9.4.1","1160","","","","0"
"2011","Saskatchewan ","2016A000247","Neither english nor French","Number","Number","223","units ","0","v1043024720","9.5.1","5145","","","","0"
"2011","Saskatchewan ","2016A000247","Official language minority","Number","Number","223","units ","0","v1043024721","9.6.1","14290","","","","0"
"2011","Alberta","2016A000248","Total, first official language spoken","Number","Number","223","units ","0","v1043024723","10.1.1","3610185","","","","0"
"2011","Alberta","2016A000248","French","Number","Number","223","units ","0","v1043024724","10.2.1","65105","","","","0"
"2011","Alberta","2016A000248","English","Number","Number","223","units ","0","v1043024725","10.3.1","3484240","","","","0"
"2011","Alberta","2016A000248","English and french","Number","Number","223","units ","0","v1043024726","10.4.1","12530","","","","0"
"2011","Alberta","2016A000248","Neither english nor French","Number","Number","223","units ","0","v1043024727","10.5.1","48310","","","","0"
"2011","Alberta","2016A000248","Official language minority","Number","Number","223","units ","0","v1043024728","10.6.1","71370","","","","0"
"2011","British Columbia","2016A000259","Total, first official language spoken","Number","Number","223","units ","0","v1043024730","11.1.1","4356205","","","","0"
"2011","British Columbia","2016A000259","French","Number","Number","223","units ","0","v1043024731","11.2.1","53725","","","","0"
"2011","British Columbia","2016A000259","English","Number","Number","223","units ","0","v1043024732","11.3.1","4143245","","","","0"
"2011","British Columbia","2016A000259","English and french","Number","Number","223","units ","0","v1043024733","11.4.1","16935","","","","0"
"2011","British Columbia","2016A000259","Neither english nor French","Number","Number","223","units ","0","v1043024734","11.5.1","142300","","","","0"
"2011","British Columbia","2016A000259","Official language minority","Number","Number","223","units ","0","v1043024735","11.6.1","62190","","","","0"
"2011","Yukon","2016A000260","Total, first official language spoken","Number","Number","223","units ","0","v1043024737","12.1.1","33655","","","","0"
"2011","Yukon","2016A000260","French","Number","Number","223","units ","0","v1043024738","12.2.1","1420","","","","0"
"2011","Yukon","2016A000260","English","Number","Number","223","units ","0","v1043024739","12.3.1","32015","","","","0"
"2011","Yukon","2016A000260","English and french","Number","Number","223","units ","0","v1043024740","12.4.1","125","","","","0"
"2011","Yukon","2016A000260","Neither english nor French","Number","Number","223","units ","0","v1043024741","12.5.1","95","","","","0"
"2011","Yukon","2016A000260","Official language minority","Number","Number","223","units ","0","v1043024742","12.6.1","1485","","","","0"
"2011","Northwest Territories","2016A000261","Total, first official language spoken","Number","Number","223","units ","0","v1043024751","14.1.1","41040","","","","0"
"2011","Northwest Territories","2016A000261","French","Number","Number","223","units ","0","v1043024752","14.2.1","1030","","","","0"
"2011","Northwest Territories","2016A000261","English","Number","Number","223","units ","0","v1043024753","14.3.1","39680","","","","0"
"2011","Northwest Territories","2016A000261","English and french","Number","Number","223","units ","0","v1043024754","14.4.1","100","","","","0"
"2011","Northwest Territories","2016A000261","Neither english nor French","Number","Number","223","units ","0","v1043024755","14.5.1","225","","","","0"
"2011","Northwest Territories","2016A000261","Official language minority","Number","Number","223","units ","0","v1043024756","14.6.1","1080","","","","0"
"2011","Nunavut","2016A000262","Total, first official language spoken","Number","Number","223","units ","0","v1043024758","15.1.1","31765","","","","0"
"2011","Nunavut","2016A000262","French","Number","Number","223","units ","0","v1043024759","15.2.1","450","","","","0"
"2011","Nunavut","2016A000262","English","Number","Number","223","units ","0","v1043024760","15.3.1","28425","","","","0"
"2011","Nunavut","2016A000262","English and french","Number","Number","223","units ","0","v1043024761","15.4.1","50","","","","0"
"2011","Nunavut","2016A000262","Neither english nor French","Number","Number","223","units ","0","v1043024762","15.5.1","2840","","","","0"
"2011","Nunavut","2016A000262","Official language minority","Number","Number","223","units ","0","v1043024763","15.6.1","475","","","","0"
"2011","Canada outside Quebec","","Total, first official language spoken","Number","Number","223","units ","0","v1043024765","16.1.1","25305220","","","","0"
"2011","Canada outside Quebec","","French","Number","Number","223","units ","0","v1043024766","16.2.1","946375","","","","0"
"2011","Canada outside Quebec","","English","Number","Number","223","units ","0","v1043024767","16.3.1","23727260","","","","0"
"2011","Canada outside Quebec","","English and french","Number","Number","223","units ","0","v1043024768","16.4.1","122405","","","","0"
"2011","Canada outside Quebec","","Neither english nor French","Number","Number","223","units ","0","v1043024769","16.5.1","509180","","","","0"
"2011","Canada outside Quebec","","Official language minority","Number","Number","223","units ","0","v1043024770","16.6.1","1007580","","","","0"
"2016","Canada","2016A000011124","Total, first official language spoken","Number","Number","223","units ","0","v1043024660","1.1.1","34767250","","","","0"
"2016","Canada","2016A000011124","French","Number","Number","223","units ","0","v1043024661","1.2.1","7705755","","","","0"
"2016","Canada","2016A000011124","English","Number","Number","223","units ","0","v1043024662","1.3.1","26007500","","","","0"
"2016","Canada","2016A000011124","English and french","Number","Number","223","units ","0","v1043024663","1.4.1","417485","","","","0"
"2016","Canada","2016A000011124","Neither english nor French","Number","Number","223","units ","0","v1043024664","1.5.1","636515","","","","0"
"2016","Canada","2016A000011124","Official language minority","Number","Number","223","units ","0","v1043024665","1.6.1","7914500","","","","0"
"2016","Newfoundland and Labrador","2016A000210","Total, first official language spoken","Number","Number","223","units ","0","v1043024667","2.1.1","515680","","","","0"
"2016","Newfoundland and Labrador","2016A000210","French","Number","Number","223","units ","0","v1043024668","2.2.1","2255","","","","0"
"2016","Newfoundland and Labrador","2016A000210","English","Number","Number","223","units ","0","v1043024669","2.3.1","512350","","","","0"
"2016","Newfoundland and Labrador","2016A000210","English and french","Number","Number","223","units ","0","v1043024670","2.4.1","350","","","","0"
"2016","Newfoundland and Labrador","2016A000210","Neither english nor French","Number","Number","223","units ","0","v1043024671","2.5.1","725","","","","0"
"2016","Newfoundland and Labrador","2016A000210","Official language minority","Number","Number","223","units ","0","v1043024672","2.6.1","2430","","","","0"
"2016","Prince Edward Island","2016A000211","Total, first official language spoken","Number","Number","223","units ","0","v1043024674","3.1.1","141020","","","","0"
"2016","Prince Edward Island","2016A000211","French","Number","Number","223","units ","0","v1043024675","3.2.1","4550","","","","0"
"2016","Prince Edward Island","2016A000211","English","Number","Number","223","units ","0","v1043024676","3.3.1","135015","","","","0"
"2016","Prince Edward Island","2016A000211","English and french","Number","Number","223","units ","0","v1043024677","3.4.1","235","","","","0"
"2016","Prince Edward Island","2016A000211","Neither english nor French","Number","Number","223","units ","0","v1043024678","3.5.1","1220","","","","0"
"2016","Prince Edward Island","2016A000211","Official language minority","Number","Number","223","units ","0","v1043024679","3.6.1","4670","","","","0"
"2016","Nova Scotia","2016A000212","Total, first official language spoken","Number","Number","223","units ","0","v1043024681","4.1.1","912300","","","","0"
"2016","Nova Scotia","2016A000212","French","Number","Number","223","units ","0","v1043024682","4.2.1","28490","","","","0"
"2016","Nova Scotia","2016A000212","English","Number","Number","223","units ","0","v1043024683","4.3.1","879465","","","","0"
"2016","Nova Scotia","2016A000212","English and french","Number","Number","223","units ","0","v1043024684","4.4.1","1760","","","","0"
"2016","Nova Scotia","2016A000212","Neither english nor French","Number","Number","223","units ","0","v1043024685","4.5.1","2585","","","","0"
"2016","Nova Scotia","2016A000212","Official language minority","Number","Number","223","units ","0","v1043024686","4.6.1","29370","","","","0"
"2016","New Brunswick","2016A000213","Total, first official language spoken","Number","Number","223","units ","0","v1043024688","5.1.1","736285","","","","0"
"2016","New Brunswick","2016A000213","French","Number","Number","223","units ","0","v1043024689","5.2.1","232450","","","","0"
"2016","New Brunswick","2016A000213","English","Number","Number","223","units ","0","v1043024690","5.3.1","498365","","","","0"
"2016","New Brunswick","2016A000213","English and french","Number","Number","223","units ","0","v1043024691","5.4.1","3210","","","","0"
"2016","New Brunswick","2016A000213","Neither english nor French","Number","Number","223","units ","0","v1043024692","5.5.1","2255","","","","0"
"2016","New Brunswick","2016A000213","Official language minority","Number","Number","223","units ","0","v1043024693","5.6.1","234055","","","","0"
"2016","Quebec","2016A000224","Total, first official language spoken","Number","Number","223","units ","0","v1043024695","6.1.1","8066555","","","","0"
"2016","Quebec","2016A000224","French","Number","Number","223","units ","0","v1043024696","6.2.1","6750945","","","","0"
"2016","Quebec","2016A000224","English","Number","Number","223","units ","0","v1043024697","6.3.1","964125","","","","0"
"2016","Quebec","2016A000224","English and french","Number","Number","223","units ","0","v1043024698","6.4.1","278710","","","","0"
"2016","Quebec","2016A000224","Neither english nor French","Number","Number","223","units ","0","v1043024699","6.5.1","72775","","","","0"
"2016","Quebec","2016A000224","Official language minority","Number","Number","223","units ","0","v1043024700","6.6.1","1103480","","","","0"
"2016","Ontario","2016A000235","Total, first official language spoken","Number","Number","223","units ","0","v1043024702","7.1.1","13312870","","","","0"
"2016","Ontario","2016A000235","French","Number","Number","223","units ","0","v1043024703","7.2.1","504130","","","","0"
"2016","Ontario","2016A000235","English","Number","Number","223","units ","0","v1043024704","7.3.1","12394320","","","","0"
"2016","Ontario","2016A000235","English and french","Number","Number","223","units ","0","v1043024705","7.4.1","92940","","","","0"
"2016","Ontario","2016A000235","Neither english nor French","Number","Number","223","units ","0","v1043024706","7.5.1","321475","","","","0"
"2016","Ontario","2016A000235","Official language minority","Number","Number","223","units ","0","v1043024707","7.6.1","550600","","","","0"
"2016","Manitoba","2016A000246","Total, first official language spoken","Number","Number","223","units ","0","v1043024709","8.1.1","1261620","","","","0"
"2016","Manitoba","2016A000246","French","Number","Number","223","units ","0","v1043024710","8.2.1","39205","","","","0"
"2016","Manitoba","2016A000246","English","Number","Number","223","units ","0","v1043024711","8.3.1","1203025","","","","0"
"2016","Manitoba","2016A000246","English and french","Number","Number","223","units ","0","v1043024712","8.4.1","3545","","","","0"
"2016","Manitoba","2016A000246","Neither english nor French","Number","Number","223","units ","0","v1043024713","8.5.1","15845","","","","0"
"2016","Manitoba","2016A000246","Official language minority","Number","Number","223","units ","0","v1043024714","8.6.1","40980","","","","0"
"2016","Saskatchewan ","2016A000247","Total, first official language spoken","Number","Number","223","units ","0","v1043024716","9.1.1","1083240","","","","0"
"2016","Saskatchewan ","2016A000247","French","Number","Number","223","units ","0","v1043024717","9.2.1","13555","","","","0"
"2016","Saskatchewan ","2016A000247","English","Number","Number","223","units ","0","v1043024718","9.3.1","1060230","","","","0"
"2016","Saskatchewan ","2016A000247","English and french","Number","Number","223","units ","0","v1043024719","9.4.1","1770","","","","0"
"2016","Saskatchewan ","2016A000247","Neither english nor French","Number","Number","223","units ","0","v1043024720","9.5.1","7685","","","","0"
"2016","Saskatchewan ","2016A000247","Official language minority","Number","Number","223","units ","0","v1043024721","9.6.1","14440","","","","0"
"2016","Alberta","2016A000248","Total, first official language spoken","Number","Number","223","units ","0","v1043024723","10.1.1","4026650","","","","0"
"2016","Alberta","2016A000248","French","Number","Number","223","units ","0","v1043024724","10.2.1","71535","","","","0"
"2016","Alberta","2016A000248","English","Number","Number","223","units ","0","v1043024725","10.3.1","3880680","","","","0"
"2016","Alberta","2016A000248","English and french","Number","Number","223","units ","0","v1043024726","10.4.1","16605","","","","0"
"2016","Alberta","2016A000248","Neither english nor French","Number","Number","223","units ","0","v1043024727","10.5.1","57830","","","","0"
"2016","Alberta","2016A000248","Official language minority","Number","Number","223","units ","0","v1043024728","10.6.1","79840","","","","0"
"2016","British Columbia","2016A000259","Total, first official language spoken","Number","Number","223","units ","0","v1043024730","11.1.1","4598415","","","","0"
"2016","British Columbia","2016A000259","French","Number","Number","223","units ","0","v1043024731","11.2.1","55320","","","","0"
"2016","British Columbia","2016A000259","English","Number","Number","223","units ","0","v1043024732","11.3.1","4373335","","","","0"
"2016","British Columbia","2016A000259","English and french","Number","Number","223","units ","0","v1043024733","11.4.1","18000","","","","0"
"2016","British Columbia","2016A000259","Neither english nor French","Number","Number","223","units ","0","v1043024734","11.5.1","151760","","","","0"
"2016","British Columbia","2016A000259","Official language minority","Number","Number","223","units ","0","v1043024735","11.6.1","64320","","","","0"
"2016","Yukon","2016A000260","Total, first official language spoken","Number","Number","223","units ","0","v1043024737","12.1.1","35560","","","","0"
"2016","Yukon","2016A000260","French","Number","Number","223","units ","0","v1043024738","12.2.1","1575","","","","0"
"2016","Yukon","2016A000260","English","Number","Number","223","units ","0","v1043024739","12.3.1","33725","","","","0"
"2016","Yukon","2016A000260","English and french","Number","Number","223","units ","0","v1043024740","12.4.1","125","","","","0"
"2016","Yukon","2016A000260","Neither english nor French","Number","Number","223","units ","0","v1043024741","12.5.1","135","","","","0"
"2016","Yukon","2016A000260","Official language minority","Number","Number","223","units ","0","v1043024742","12.6.1","1640","","","","0"
"2016","Northwest Territories","2016A000261","Total, first official language spoken","Number","Number","223","units ","0","v1043024751","14.1.1","41380","","","","0"
"2016","Northwest Territories","2016A000261","French","Number","Number","223","units ","0","v1043024752","14.2.1","1165","","","","0"
"2016","Northwest Territories","2016A000261","English","Number","Number","223","units ","0","v1043024753","14.3.1","39875","","","","0"
"2016","Northwest Territories","2016A000261","English and french","Number","Number","223","units ","0","v1043024754","14.4.1","150","","","","0"
"2016","Northwest Territories","2016A000261","Neither english nor French","Number","Number","223","units ","0","v1043024755","14.5.1","195","","","","0"
"2016","Northwest Territories","2016A000261","Official language minority","Number","Number","223","units ","0","v1043024756","14.6.1","1240","","","","0"
"2016","Nunavut","2016A000262","Total, first official language spoken","Number","Number","223","units ","0","v1043024758","15.1.1","35690","","","","0"
"2016","Nunavut","2016A000262","French","Number","Number","223","units ","0","v1043024759","15.2.1","585","","","","0"
"2016","Nunavut","2016A000262","English","Number","Number","223","units ","0","v1043024760","15.3.1","32995","","","","0"
"2016","Nunavut","2016A000262","English and french","Number","Number","223","units ","0","v1043024761","15.4.1","90","","","","0"
"2016","Nunavut","2016A000262","Neither english nor French","Number","Number","223","units ","0","v1043024762","15.5.1","2025","","","","0"
"2016","Nunavut","2016A000262","Official language minority","Number","Number","223","units ","0","v1043024763","15.6.1","630","","","","0"
"2016","Canada outside Quebec","","Total, first official language spoken","Number","Number","223","units ","0","v1043024765","16.1.1","26700695","","","","0"
"2016","Canada outside Quebec","","French","Number","Number","223","units ","0","v1043024766","16.2.1","954810","","","","0"
"2016","Canada outside Quebec","","English","Number","Number","223","units ","0","v1043024767","16.3.1","25043375","","","","0"
"2016","Canada outside Quebec","","English and french","Number","Number","223","units ","0","v1043024768","16.4.1","138775","","","","0"
"2016","Canada outside Quebec","","Neither english nor French","Number","Number","223","units ","0","v1043024769","16.5.1","563740","","","","0"
"2016","Canada outside Quebec","","Official language minority","Number","Number","223","units ","0","v1043024770","16.6.1","1024200","","","","0"
